{
  "all_turns": {
    "v1": {
      "n": 351,
      "acc": 0.7350427350427351,
      "P_R": 0.9850746268656716,
      "R_R": 0.4177215189873418,
      "F1_R": 0.5866666666666667,
      "TN": 192,
      "FP": 1,
      "FN": 92,
      "TP": 66,
      "support_STAY": 193,
      "support_REFRESH": 158
    },
    "v3": {
      "n": 351,
      "acc": 0.8917378917378918,
      "P_R": 0.9,
      "R_R": 0.8544303797468354,
      "F1_R": 0.8766233766233766,
      "TN": 178,
      "FP": 15,
      "FN": 23,
      "TP": 135,
      "support_STAY": 193,
      "support_REFRESH": 158
    }
  },
  "turn_1_only": {
    "v1": {
      "n": 99,
      "acc": 0.6060606060606061,
      "P_R": 1.0,
      "R_R": 0.5894736842105263,
      "F1_R": 0.7417218543046357,
      "TN": 4,
      "FP": 0,
      "FN": 39,
      "TP": 56,
      "support_STAY": 4,
      "support_REFRESH": 95
    },
    "v3": {
      "n": 99,
      "acc": 0.9595959595959596,
      "P_R": 0.9595959595959596,
      "R_R": 1.0,
      "F1_R": 0.979381443298969,
      "TN": 0,
      "FP": 4,
      "FN": 0,
      "TP": 95,
      "support_STAY": 4,
      "support_REFRESH": 95
    }
  },
  "turn_>=2": {
    "v1": {
      "n": 252,
      "acc": 0.7857142857142857,
      "P_R": 0.9090909090909091,
      "R_R": 0.15873015873015872,
      "F1_R": 0.2702702702702703,
      "TN": 188,
      "FP": 1,
      "FN": 53,
      "TP": 10,
      "support_STAY": 189,
      "support_REFRESH": 63
    },
    "v3": {
      "n": 252,
      "acc": 0.8650793650793651,
      "P_R": 0.7843137254901961,
      "R_R": 0.6349206349206349,
      "F1_R": 0.7017543859649124,
      "TN": 178,
      "FP": 11,
      "FN": 23,
      "TP": 40,
      "support_STAY": 189,
      "support_REFRESH": 63
    }
  },
  "turn_2": {
    "v1": {
      "n": 97,
      "acc": 0.8865979381443299,
      "P_R": 1.0,
      "R_R": 0.08333333333333333,
      "F1_R": 0.15384615384615385,
      "TN": 85,
      "FP": 0,
      "FN": 11,
      "TP": 1,
      "support_STAY": 85,
      "support_REFRESH": 12
    },
    "v3": {
      "n": 97,
      "acc": 0.8969072164948454,
      "P_R": 0.6,
      "R_R": 0.5,
      "F1_R": 0.5454545454545454,
      "TN": 81,
      "FP": 4,
      "FN": 6,
      "TP": 6,
      "support_STAY": 85,
      "support_REFRESH": 12
    }
  },
  "turn_3": {
    "v1": {
      "n": 95,
      "acc": 0.6210526315789474,
      "P_R": 0.8571428571428571,
      "R_R": 0.14634146341463414,
      "F1_R": 0.25,
      "TN": 53,
      "FP": 1,
      "FN": 35,
      "TP": 6,
      "support_STAY": 54,
      "support_REFRESH": 41
    },
    "v3": {
      "n": 95,
      "acc": 0.8210526315789474,
      "P_R": 0.875,
      "R_R": 0.6829268292682927,
      "F1_R": 0.767123287671233,
      "TN": 50,
      "FP": 4,
      "FN": 13,
      "TP": 28,
      "support_STAY": 54,
      "support_REFRESH": 41
    }
  },
  "turn_4plus": {
    "v1": {
      "n": 60,
      "acc": 0.8833333333333333,
      "P_R": 1.0,
      "R_R": 0.3,
      "F1_R": 0.4615384615384615,
      "TN": 50,
      "FP": 0,
      "FN": 7,
      "TP": 3,
      "support_STAY": 50,
      "support_REFRESH": 10
    },
    "v3": {
      "n": 60,
      "acc": 0.8833333333333333,
      "P_R": 0.6666666666666666,
      "R_R": 0.6,
      "F1_R": 0.631578947368421,
      "TN": 47,
      "FP": 3,
      "FN": 4,
      "TP": 6,
      "support_STAY": 50,
      "support_REFRESH": 10
    }
  }
}